system,dataset,paired_runs,mape_median_baseline,mape_median_improved,mape_median_difference,mape_p_value,mape_significant_0_05,mape_better,mae_median_baseline,mae_median_improved,mae_median_difference,mae_p_value,mae_significant_0_05,mae_better,rmse_median_baseline,rmse_median_improved,rmse_median_difference,rmse_p_value,rmse_significant_0_05,rmse_better
batlik,corona.csv,30,0.12192328501394173,0.034663083791731886,0.08756249346038789,1.862645149230957e-09,True,improved_v8,0.18000721405876996,0.05032829400537733,0.12977640387322628,1.862645149230957e-09,True,improved_v8,0.2583215517832219,0.06721239980474839,0.19214520143462469,1.862645149230957e-09,True,improved_v8
batlik,cranium.csv,30,0.03300874554016162,0.020873107442858238,0.012299648990703481,1.862645149230957e-09,True,improved_v8,0.06935921278128222,0.04233748151113832,0.027511644288457215,1.862645149230957e-09,True,improved_v8,0.09649389635950129,0.0548371921890613,0.04146842400282402,1.862645149230957e-09,True,improved_v8
batlik,cubus.csv,30,0.039517353640505806,0.019129503621399098,0.020555826170416524,1.862645149230957e-09,True,improved_v8,0.2439354651401526,0.11914642077976946,0.12381917293497596,1.862645149230957e-09,True,improved_v8,0.3341123426336731,0.15324273539540822,0.1812071585198498,1.862645149230957e-09,True,improved_v8
batlik,flame.csv,30,0.03223160386431692,0.020831515838909465,0.011648288396282753,1.862645149230957e-09,True,improved_v8,0.057952684298279517,0.037642201090768816,0.02080803888915993,1.862645149230957e-09,True,improved_v8,0.07704569651353767,0.04795035917258082,0.028723258113902247,1.862645149230957e-09,True,improved_v8
batlik,france.csv,30,0.03927665709098224,0.023312865433428663,0.016046858831677804,1.862645149230957e-09,True,improved_v8,0.14653689482614254,0.08282276934099853,0.06369681273130257,1.862645149230957e-09,True,improved_v8,0.19257217706050211,0.10648744189998713,0.08705749787045733,1.862645149230957e-09,True,improved_v8
batlik,frisco.csv,30,0.050698031345144064,0.03362408067723513,0.01713015411529945,1.862645149230957e-09,True,improved_v8,0.24507062855133438,0.1554947667590897,0.09089383645424094,1.862645149230957e-09,True,improved_v8,0.32919808101107,0.1966329155211695,0.13341740616273684,1.862645149230957e-09,True,improved_v8
batlik,jelly.csv,30,0.16934874011185244,0.02417271976574714,0.14451041825160638,1.862645149230957e-09,True,improved_v8,0.3205513183102825,0.04515038639175153,0.27658805870448966,1.862645149230957e-09,True,improved_v8,0.43959967778994374,0.07343323927681228,0.36347153870572735,1.862645149230957e-09,True,improved_v8
batlik,karte.csv,30,0.1506080246758826,0.020233720333417318,0.13058100115664603,1.862645149230957e-09,True,improved_v8,1.4957805425752488,0.25415352091003135,1.2419393056418886,1.862645149230957e-09,True,improved_v8,1.8829169554332386,0.3402420436636723,1.531453007740165,1.862645149230957e-09,True,improved_v8
batlik,mandelbrot.csv,30,0.045857451938637314,0.021711135904799745,0.024126736179033284,1.862645149230957e-09,True,improved_v8,0.06070161102612362,0.028240474046310447,0.032524691109125925,1.862645149230957e-09,True,improved_v8,0.0837341599985113,0.03692523797320484,0.046533391243755384,1.862645149230957e-09,True,improved_v8
batlik,strawberry.csv,30,0.0542905806246364,0.024560390421584522,0.029461886516313585,1.862645149230957e-09,True,improved_v8,0.09333533125363863,0.03965623578267494,0.05352336195137293,1.862645149230957e-09,True,improved_v8,0.13074096014531966,0.05015471532605455,0.0791547417560036,1.862645149230957e-09,True,improved_v8
batlik,village.csv,30,0.5677969707893699,0.0238726275130626,0.5442759401822945,1.862645149230957e-09,True,improved_v8,1.7843284732726565,0.10781276630334535,1.6817230256532962,1.862645149230957e-09,True,improved_v8,2.452608060085704,0.3102369175057035,2.171239616635278,1.862645149230957e-09,True,improved_v8
dconvert,jpeg-large.csv,30,0.1360225311858005,0.026565692037234277,0.10931499020116572,1.862645149230957e-09,True,improved_v8,0.4183713716517967,0.08817107894175445,0.33070297123040915,1.862645149230957e-09,True,improved_v8,0.5612036765943565,0.12570052595948455,0.4365303202972153,1.862645149230957e-09,True,improved_v8
dconvert,jpeg-medium.csv,30,0.1029967741708995,0.02161560732829649,0.08151931308276406,1.862645149230957e-09,True,improved_v8,0.17862456179629543,0.037530976674119206,0.14093033575631578,1.862645149230957e-09,True,improved_v8,0.2398683834373264,0.05053875250993837,0.18917988880640968,1.862645149230957e-09,True,improved_v8
dconvert,jpeg-small.csv,30,0.03481447045997313,0.032219500862800246,0.0027994814513265937,1.862645149230957e-09,True,improved_v8,0.014948915665781843,0.013828203759384795,0.001170623953673156,1.862645149230957e-09,True,improved_v8,0.01910392130287054,0.017888763275221917,0.0011979373782133387,1.862645149230957e-09,True,improved_v8
dconvert,png-large.csv,30,0.09340980770485417,0.024212946867338596,0.06906253381690283,1.862645149230957e-09,True,improved_v8,0.2192116079313094,0.05880761763991428,0.16045574958971964,1.862645149230957e-09,True,improved_v8,0.27954847572589414,0.07736174138244342,0.20227177103598515,1.862645149230957e-09,True,improved_v8
dconvert,png-medium.csv,30,0.03556770390521535,0.02639100006817841,0.009228679853626263,1.862645149230957e-09,True,improved_v8,0.02315781621840382,0.016762137421498235,0.0064621021428969885,1.862645149230957e-09,True,improved_v8,0.02933825163372685,0.021272074152754568,0.007896820357604691,1.862645149230957e-09,True,improved_v8
dconvert,png-small.csv,30,0.032997051929343206,0.03298608048793299,-1.2475336605526077e-06,0.2988441474735737,False,baseline_lr,0.014818542663976721,0.014801394838812869,1.5227254019593156e-07,0.8552717231214046,False,improved_v8,0.01957990665797727,0.01952751113310615,3.4885797281503095e-07,0.3817984350025654,False,improved_v8
dconvert,psd-large.csv,30,0.014328867624473116,0.014329481935650038,-3.4427240369269696e-07,2.60770320892334e-08,True,baseline_lr,0.5388700688781123,0.5388514046931046,1.6084014633710453e-05,1.862645149230957e-09,True,improved_v8,0.8799363728574023,0.8799360528540818,-8.155738716042471e-07,0.370740607380867,False,baseline_lr
dconvert,psd-medium.csv,30,0.052105642270142125,0.024197653225786847,0.027975822078029643,1.862645149230957e-09,True,improved_v8,0.06751789088546936,0.031223879163023053,0.036478845918851546,1.862645149230957e-09,True,improved_v8,0.08944045783963361,0.04020293214083376,0.04939769864999294,1.862645149230957e-09,True,improved_v8
dconvert,psd-small.csv,30,0.035698589494134965,0.03570152744313566,-2.1162418156611684e-06,0.0037444327026605606,True,baseline_lr,0.020054277976441062,0.020056071718895632,-1.250537487298975e-06,0.0006084088236093521,True,baseline_lr,0.024953172400569067,0.02495355571602749,4.3209799767580936e-07,0.6554384250193834,False,improved_v8
dconvert,svg-large.csv,30,0.0204146400090211,0.02040293488415769,6.369043913604516e-06,0.0037444327026605606,True,improved_v8,0.030777147213847687,0.030759615119746626,9.50535926718711e-06,0.004031794145703316,True,improved_v8,0.03936259349528069,0.039304650755680244,3.496398528988337e-05,1.862645149230957e-09,True,improved_v8
dconvert,svg-medium.csv,30,0.01724407759527328,0.01724980550396421,-2.014324726391445e-06,0.02084985189139843,True,baseline_lr,0.026540273383470852,0.02654350735038087,-2.7828337968802824e-06,0.027741437777876854,True,baseline_lr,0.03322529338675535,0.03322882787492582,-1.4513334665906819e-06,0.03841841779649258,True,baseline_lr
dconvert,svg-small.csv,30,0.03597064366450945,0.02431469475236977,0.01165593651006328,1.862645149230957e-09,True,improved_v8,0.02027255357215332,0.01363638566244254,0.006677570155718203,1.862645149230957e-09,True,improved_v8,0.025411680165911485,0.017343317069247924,0.008169821832819831,1.862645149230957e-09,True,improved_v8
h2,smallbank-1.csv,30,0.05625898269643277,0.041423057596389055,0.015544236239911233,1.862645149230957e-09,True,improved_v8,1103.9891049746911,789.3029041137495,327.5451734107843,1.862645149230957e-09,True,improved_v8,1331.850947236852,1036.4714911781255,309.1126192446891,1.862645149230957e-09,True,improved_v8
h2,smallbank-10.csv,30,0.04569092579767349,0.02390942011242512,0.02183597076373165,1.862645149230957e-09,True,improved_v8,625.1103477678365,319.5626601397065,301.6974214292777,1.862645149230957e-09,True,improved_v8,755.5927183140233,432.21110463954733,325.8541674450769,1.862645149230957e-09,True,improved_v8
h2,tpcc-2.csv,30,0.041425185118430255,0.03075605411893824,0.010764442361271996,1.862645149230957e-09,True,improved_v8,30.265393972840467,22.449891086281404,7.789116064228262,1.862645149230957e-09,True,improved_v8,37.5093791922392,28.555888627694216,9.029853773707583,1.862645149230957e-09,True,improved_v8
h2,tpcc-8.csv,30,0.20216462076967,0.20262352662495414,0.0008457850822849028,0.013663241639733315,True,improved_v8,107.22467517229873,106.83802967236053,-0.04016141476078161,0.6701805889606476,False,baseline_lr,162.76333280514837,162.64703739772483,0.01572846175953657,0.8552717231214046,False,improved_v8
h2,voter-16.csv,30,0.07561080722292624,0.019241173811315276,0.05650109202166898,1.862645149230957e-09,True,improved_v8,2387.597967158714,620.4893077246443,1764.8254510635104,1.862645149230957e-09,True,improved_v8,2641.5717707356093,837.0767951570385,1813.9709130405972,1.862645149230957e-09,True,improved_v8
h2,voter-2.csv,30,0.07903225917421064,0.018591064098183487,0.06055031203894534,1.862645149230957e-09,True,improved_v8,2487.1413219111373,593.07422958854,1889.378423564027,1.862645149230957e-09,True,improved_v8,2755.553074226829,833.0680785638262,1909.398791935787,1.862645149230957e-09,True,improved_v8
h2,ycsb-2400.csv,30,0.09095383371653888,0.0437619423283304,0.047138139025445835,1.862645149230957e-09,True,improved_v8,1271.8735328948696,614.1485698850495,659.5376058248356,1.862645149230957e-09,True,improved_v8,1562.021263843509,793.6044374411291,771.996000979448,1.862645149230957e-09,True,improved_v8
h2,ycsb-600.csv,30,0.08393469168234857,0.0384368902774521,0.045535324274416804,1.862645149230957e-09,True,improved_v8,1678.1637388506479,788.0464393882157,887.1186056942609,1.862645149230957e-09,True,improved_v8,2068.0836017073634,1044.3015455850982,1015.5213784097125,1.862645149230957e-09,True,improved_v8
jump3r,beethoven.wav.csv,30,0.2575235908813712,0.16887124830142491,0.08872377561269862,1.862645149230957e-09,True,improved_v8,2.2512185842456245,1.685712757766334,0.5657034394152961,1.862645149230957e-09,True,improved_v8,2.8990918467527145,2.471360714500862,0.41763719168428004,1.862645149230957e-09,True,improved_v8
jump3r,dual-channel.wav.csv,30,0.23395476557340156,0.16583688920454903,0.06715561502335939,1.862645149230957e-09,True,improved_v8,0.6137937986636451,0.48332569258935276,0.13009275988648375,1.862645149230957e-09,True,improved_v8,0.8508617297040242,0.7020303766556704,0.14478610254074104,1.862645149230957e-09,True,improved_v8
jump3r,helix.wav.csv,30,0.254775132882823,0.1724781242876694,0.08137923975093825,1.862645149230957e-09,True,improved_v8,1.092143229245117,0.8902558521638554,0.21583152367970182,1.862645149230957e-09,True,improved_v8,1.5841553197662526,1.4359704493826277,0.15044588943050652,3.2391399145126343e-06,True,improved_v8
jump3r,single-channel.wav.csv,30,0.1890952012655604,0.1467511677868818,0.042401711331496464,1.862645149230957e-09,True,improved_v8,0.3227732457905881,0.26678135752607035,0.055566724236638,1.862645149230957e-09,True,improved_v8,0.42486878185342064,0.3746540055277522,0.05034905949385332,1.862645149230957e-09,True,improved_v8
jump3r,speech.wav.csv,30,0.19917627131698895,0.14402479301240775,0.05623436903987547,1.862645149230957e-09,True,improved_v8,0.8135195009632412,0.6511155466630861,0.16120558116941286,1.862645149230957e-09,True,improved_v8,1.024648192279471,0.9163453656756912,0.11027490850798266,1.862645149230957e-09,True,improved_v8
jump3r,sweep.wav.csv,30,0.1192540024834581,0.09446201281318685,0.024672686105299414,1.862645149230957e-09,True,improved_v8,0.06938869041482974,0.056891629918425175,0.01248311931623899,1.862645149230957e-09,True,improved_v8,0.08777179066342035,0.07946296234857902,0.008424634839367541,1.862645149230957e-09,True,improved_v8
kanzi,ambivert.csv,30,1.477975651097554,0.1668998948708107,1.3043421879600734,1.862645149230957e-09,True,improved_v8,17.084225105551088,1.7308400762130747,15.40783163899178,1.862645149230957e-09,True,improved_v8,27.48318445474716,3.311791415232153,24.172815262707875,1.862645149230957e-09,True,improved_v8
kanzi,artificl.csv,30,0.480264824157113,0.06144745322303697,0.41814241460143464,1.862645149230957e-09,True,improved_v8,0.1992796326270605,0.02922815267028149,0.17019736865253451,1.862645149230957e-09,True,improved_v8,0.29199199350287497,0.0612315774192327,0.23129658134248723,1.862645149230957e-09,True,improved_v8
kanzi,deepfield.csv,30,17.669823686248222,0.16449876059247742,17.50569184005596,1.862645149230957e-09,True,improved_v8,18.94097467979394,1.4105511705876042,17.54025340436703,1.862645149230957e-09,True,improved_v8,28.785264285148816,3.3002895156189513,25.444719866761297,1.862645149230957e-09,True,improved_v8
kanzi,enwik8.csv,30,2.711666923307348,0.14614001192284604,2.572533449026841,1.862645149230957e-09,True,improved_v8,39.7551839904984,2.498726468139228,37.19845216960896,1.862645149230957e-09,True,improved_v8,61.7071857183296,5.918527369413817,55.898007319502355,1.862645149230957e-09,True,improved_v8
kanzi,fannie_mae_500k.csv,30,4.2323756385995885,0.1420179626485,4.099012979944609,1.862645149230957e-09,True,improved_v8,34.97797418676112,1.5782033285390364,33.326777748879834,1.862645149230957e-09,True,improved_v8,53.05599667991203,4.341169603690804,48.8353105093604,1.862645149230957e-09,True,improved_v8
kanzi,large.csv,30,1.4682595214935779,0.09660273635549396,1.3711972732127005,1.862645149230957e-09,True,improved_v8,4.415619387187574,0.27614324950225777,4.126834844678276,1.862645149230957e-09,True,improved_v8,6.8024356560168435,0.5813395850446158,6.227195452824791,1.862645149230957e-09,True,improved_v8
kanzi,misc.csv,30,0.4788633333065665,0.08158270119102694,0.3990093116904613,1.862645149230957e-09,True,improved_v8,0.4076834574237927,0.057377209369474026,0.35056273604762367,1.862645149230957e-09,True,improved_v8,0.6070644078684124,0.08949999803150166,0.5180313693820516,1.862645149230957e-09,True,improved_v8
kanzi,silesia.csv,30,3.0162946786098193,0.1559384636952035,2.873943995228493,1.862645149230957e-09,True,improved_v8,82.75633902045723,4.873458904388743,77.69382174128522,1.862645149230957e-09,True,improved_v8,128.09815048985806,10.631191410037028,117.63808064457848,1.862645149230957e-09,True,improved_v8
kanzi,vmlinux.csv,30,28.47321406296902,0.124218271166075,28.34863462215381,1.862645149230957e-09,True,improved_v8,165.70236490812988,6.976131888651551,158.87328242952407,1.862645149230957e-09,True,improved_v8,225.26190837532167,22.568273290073947,202.63256760650756,1.862645149230957e-09,True,improved_v8
lrzip,ambivert.wav.tar.csv,30,1.544664434530927,1.5957508729191474,-0.0491369696432834,0.06666470877826214,False,baseline_lr,14.123601075305565,14.257234471515105,-0.24465328249172646,0.308520769700408,False,baseline_lr,22.51942018866332,22.486965514021577,0.11364303302597101,0.31839608028531075,False,improved_v8
lrzip,artificl.tar.csv,30,13.222518926561225,13.052697856493376,-0.38029398512614865,0.7151329666376114,False,baseline_lr,1.2478089825418333,1.1989993842364532,0.003494690737224082,0.09194962680339813,False,improved_v8,1.393350166325388,1.455033434081204,-0.024656211466066114,0.015460003167390823,True,baseline_lr
lrzip,deepfield.tar.csv,30,1.5277614652116236,1.5637343667840309,-0.03934256258974789,0.023410143330693245,True,baseline_lr,13.647221825651316,14.047158576870787,-0.21482643412369828,0.0635564886033535,False,baseline_lr,21.874367520019184,22.039634537807483,0.0650507829507756,0.7000329215079546,False,improved_v8
lrzip,enwik8.tar.csv,30,1.0974829225568539,1.12608438256511,-0.057948682245639205,0.009301122277975082,True,baseline_lr,18.80312308514911,19.24981891281162,-0.6772216332781458,0.0012321043759584427,True,baseline_lr,27.389615788376222,28.231027100804866,-0.17812968438175858,0.308520769700408,False,baseline_lr
lrzip,fannie_mae_500k.tar.csv,30,0.11705387539250703,0.11867232659882884,0.001348111343731792,0.4161298982799053,False,improved_v8,5.187460683428368,5.118723326658776,0.08687778894251297,0.31839608028531075,False,improved_v8,7.386808329677018,7.4426109089008765,0.044796550575923355,0.40449450351297855,False,improved_v8
lrzip,large.tar.csv,30,0.9439550918216868,1.0071707775176164,-0.03301650530137973,0.00577649287879467,True,baseline_lr,2.2590348081955485,2.3145519874212828,0.011353221757091081,0.3817984350025654,False,improved_v8,3.066943854100076,3.0375305778451267,0.009932284372180078,0.1641840822994709,False,improved_v8
lrzip,misc.tar.csv,30,2.5409673361083978,2.702902424132151,-0.10313547638672282,0.047259049490094185,True,baseline_lr,1.247547095679379,1.2927122331691296,-0.062082977256673555,0.0635564886033535,False,baseline_lr,1.421684953003909,1.5036667343705425,-0.021957837724796092,0.00577649287879467,True,baseline_lr
lrzip,silesia.tar.csv,30,1.2717830845773945,1.3116113950360815,-0.07403657150600829,0.0027663204818964005,True,baseline_lr,31.729528042095133,32.69467039486208,-1.3217283022482018,0.0011314544826745987,True,baseline_lr,45.755411566530455,47.396438454776096,-0.14731213677673693,0.3492113798856735,False,baseline_lr
lrzip,uiq-32.bin.csv,30,2.0428998318268654,2.20997547359839,-0.15374943294969545,0.0027663204818964005,True,baseline_lr,52.13430882931364,54.57360803436048,-2.660278516305816,5.5925920605659485e-05,True,baseline_lr,74.52227333303169,80.64789066362795,-1.7530718600991335,0.023410143330693245,True,baseline_lr
lrzip,uiq2-16.bin.csv,30,1.8896967771026305,1.935084065292877,-0.08580773934895813,0.012047622352838516,True,baseline_lr,29.243618899135832,29.809181128124614,-0.7886672915658988,0.00993151031434536,True,baseline_lr,41.20786256583949,42.606076107333635,0.19523070164608924,0.8078304156661034,False,improved_v8
lrzip,uiq2-4.bin.csv,30,1.2055292383107545,1.2450856542893516,-0.03767352364313892,0.01283373311161995,True,baseline_lr,6.913480422598582,6.99815005523644,-0.017519019489161902,0.19807579927146435,False,baseline_lr,10.40254259112243,10.668723477751088,0.07689559991366846,0.5425279382616282,False,improved_v8
lrzip,uiq2-8.bin.csv,30,1.5058259468977737,1.5281163128003419,-0.0911046421154269,0.0009517744183540344,True,baseline_lr,14.454706327500787,14.759681432971366,-0.4605948262923363,0.00031275488436222076,True,baseline_lr,21.079708277541524,22.30503120145019,-0.06634947571623506,0.3284698575735092,False,baseline_lr
lrzip,vmlinux-5.10.tar.csv,30,0.7693149814608412,0.7673081488907532,-0.022438935711297125,0.052263347432017326,False,baseline_lr,4.522515226697658,4.464136294314962,0.0471932900528369,0.5158484429121017,False,improved_v8,6.698353877748467,6.739857079579865,0.021264659970373412,0.46454504504799843,False,improved_v8
x264,Johnny_1280x720_60_short.y4m.csv,30,0.8802439469584769,0.12771495695714574,0.7539307673606717,1.862645149230957e-09,True,improved_v8,2.58707845130533,0.9792670562082956,1.5927884783981494,1.862645149230957e-09,True,improved_v8,3.3631256329973356,2.45452402068442,0.8823617912090891,1.862645149230957e-09,True,improved_v8
x264,Netflix_Crosswalk_4096x2160_60fps_10bit_420_short.y4m.csv,30,0.778161132735502,0.12258927254758298,0.6599615525586681,1.862645149230957e-09,True,improved_v8,8.749577003329513,3.3854090455349333,5.338440942891732,1.862645149230957e-09,True,improved_v8,11.331884553575552,8.166125853415075,3.1747290270816992,1.862645149230957e-09,True,improved_v8
x264,blue_sky_1080p25_short.y4m.csv,30,0.7806939650416005,0.12386256045308416,0.6541741614701573,1.862645149230957e-09,True,improved_v8,3.163668009182701,1.2065631974393547,1.944586135096583,1.862645149230957e-09,True,improved_v8,4.082887976112279,2.9810849406005024,1.089441500946434,1.862645149230957e-09,True,improved_v8
x264,pedestrian_area_1080p25_short.y4m.csv,30,0.713015545659895,0.12358278886964037,0.5905227979651566,1.862645149230957e-09,True,improved_v8,3.5887920842504397,1.4094216989838582,2.193746747742309,1.862645149230957e-09,True,improved_v8,4.638475012219374,3.4596021675006994,1.2154766770542036,1.862645149230957e-09,True,improved_v8
x264,riverbed_1080p25_short.y4m.csv,30,0.6568511528542366,0.12497835721678889,0.5312370262470945,1.862645149230957e-09,True,improved_v8,6.7049956204885675,2.6949231923214816,4.003794858006964,1.862645149230957e-09,True,improved_v8,8.854637831260268,6.695405242552226,2.0445543270872113,1.862645149230957e-09,True,improved_v8
x264,sd_bridge_close_cif_short.y4m.csv,30,0.5145590846971415,0.09477135006738921,0.42289246474181014,1.862645149230957e-09,True,improved_v8,0.1421903604671893,0.05525208278302058,0.08677746648450203,1.862645149230957e-09,True,improved_v8,0.18200459926644108,0.12631398547287226,0.055524362963548915,1.862645149230957e-09,True,improved_v8
x264,sd_city_4cif_short.y4m.csv,30,0.8255372291240628,0.12222949989729312,0.7058057444571468,1.862645149230957e-09,True,improved_v8,1.4851985432983525,0.5415763540659381,0.9458156613851663,1.862645149230957e-09,True,improved_v8,1.9112134323269032,1.387905301953012,0.5332692643448703,1.862645149230957e-09,True,improved_v8
x264,sd_crew_cif_short.y4m.csv,30,0.6221334353650754,0.10757211324349839,0.5158210275236341,1.862645149230957e-09,True,improved_v8,0.2467613654368338,0.09468567957069068,0.15307068833849474,1.862645149230957e-09,True,improved_v8,0.3191766965238195,0.23217124843843068,0.08841638791170858,1.862645149230957e-09,True,improved_v8
x264,sintel_trailer_2k_720p24_short.y4m.csv,30,0.5078655832973441,0.10077257554867589,0.40980244206758226,1.862645149230957e-09,True,improved_v8,0.3727510416280563,0.15346121841035826,0.21869031435593084,1.862645149230957e-09,True,improved_v8,0.4688781058812939,0.363722247103122,0.10551402910634619,1.862645149230957e-09,True,improved_v8
xz,ambivert.wav.tar.csv,30,1.3551705133905987,0.02631318183777506,1.3294576347576892,1.862645149230957e-09,True,improved_v8,13.227826824219974,0.5830871589724798,12.700903362815758,1.862645149230957e-09,True,improved_v8,16.976631095594495,1.4673945754836624,15.604084443737413,1.862645149230957e-09,True,improved_v8
xz,artificl.tar.csv,30,0.2949405366716559,0.29469428737011677,-0.0009519733666270569,0.0012321043759584427,True,baseline_lr,0.006414965801151388,0.006395446719821975,4.786443812688406e-05,0.0020201820880174637,True,improved_v8,0.007661660554389105,0.007649104988911276,5.215829478615822e-06,0.6554384250193834,False,improved_v8
xz,deepfield.tar.csv,30,0.6222835005540976,0.0261306271812383,0.5952209401200829,1.862645149230957e-09,True,improved_v8,5.723157840547173,0.36998644426065475,5.348185098142727,1.862645149230957e-09,True,improved_v8,7.765232212264369,0.6488760479336129,7.088767374172237,1.862645149230957e-09,True,improved_v8
xz,enwik8.tar.csv,30,2.0102521439707477,0.07326054089508532,1.9369063303709693,1.862645149230957e-09,True,improved_v8,71.86481491337459,9.881538934884896,62.002905336358594,1.862645149230957e-09,True,improved_v8,94.30477412230523,33.66789213304058,61.43209889835509,1.862645149230957e-09,True,improved_v8
xz,fannie_mae_500k.tar.csv,30,0.9272860112116614,0.02608750313786732,0.9002464696456003,1.862645149230957e-09,True,improved_v8,30.386253293516248,1.050924352583744,29.26499980242029,1.862645149230957e-09,True,improved_v8,36.00959046779968,2.079912335502205,33.817275706447575,1.862645149230957e-09,True,improved_v8
xz,large.tar.csv,30,0.4329195939472014,0.02323222170369546,0.4062409200637662,1.862645149230957e-09,True,improved_v8,1.8659457407732443,0.10852065393373006,1.7579580738078135,1.862645149230957e-09,True,improved_v8,2.2898005656716123,0.1897734436126648,2.108149538267391,1.862645149230957e-09,True,improved_v8
xz,misc.tar.csv,30,0.22938185139514644,0.045468830349799934,0.1827110667733367,1.862645149230957e-09,True,improved_v8,0.08730244464056583,0.020902395118979938,0.06771305441142958,1.862645149230957e-09,True,improved_v8,0.11787048741771046,0.050901511833208166,0.06804823581566909,1.862645149230957e-09,True,improved_v8
xz,silesia.tar.csv,30,0.9574462476406849,0.02421243179081789,0.9335190388087307,1.862645149230957e-09,True,improved_v8,62.14195576525249,2.655565714775571,59.510611166278906,1.862645149230957e-09,True,improved_v8,77.99223686215785,5.550392712598146,72.58101571234431,1.862645149230957e-09,True,improved_v8
xz,uiq-32.bin.csv,30,1.2167820301346834,0.06426964593190279,1.1502521672826254,1.862645149230957e-09,True,improved_v8,72.77824419731562,10.684517532141967,62.38822443007214,1.862645149230957e-09,True,improved_v8,92.59778910464422,30.0477434483415,62.30663611405528,1.862645149230957e-09,True,improved_v8
xz,uiq2-16.bin.csv,30,1.080112536212407,0.06700837323624667,1.0128207620536398,1.862645149230957e-09,True,improved_v8,32.2878239902515,4.960283191125875,27.326354972802477,1.862645149230957e-09,True,improved_v8,42.95563185286761,15.368242825776177,27.46457632688707,1.862645149230957e-09,True,improved_v8
xz,uiq2-4.bin.csv,30,0.6147998106868411,0.02456055294816961,0.5897274072376419,1.862645149230957e-09,True,improved_v8,4.344649176113547,0.24558530764369133,4.099347809947151,1.862645149230957e-09,True,improved_v8,5.907306236595001,0.4450317995506747,5.4776761694555685,1.862645149230957e-09,True,improved_v8
xz,uiq2-8.bin.csv,30,0.8190166672269037,0.06431005626755903,0.7525503075646436,1.862645149230957e-09,True,improved_v8,11.954565365266632,2.170143505940416,9.792309359930844,1.862645149230957e-09,True,improved_v8,16.29341385864919,6.2415984945967935,10.060266821552524,1.862645149230957e-09,True,improved_v8
xz,vmlinux-5.10.tar.csv,30,0.28642891569171974,0.021401170469813872,0.2642833736690938,1.862645149230957e-09,True,improved_v8,1.8635621281409147,0.16090084326697413,1.7065628577545986,1.862645149230957e-09,True,improved_v8,2.261219707506228,0.256169526653531,1.9705935002417003,1.862645149230957e-09,True,improved_v8
z3,AUFNIRA_z3.637557.smt2.csv,30,7.353169222941563,0.003980108420058321,7.349225183256262,1.862645149230957e-09,True,improved_v8,88.19088418314891,0.3164425192519232,87.87780595746919,1.862645149230957e-09,True,improved_v8,100.6186527794321,0.6067400811445959,99.99753075718723,1.862645149230957e-09,True,improved_v8
z3,LRA_formula_277.smt2.csv,30,0.11143974506673185,0.003412304678227651,0.10783649052935643,1.862645149230957e-09,True,improved_v8,0.3161989880595242,0.009455445544555036,0.3065810496927107,1.862645149230957e-09,True,improved_v8,0.3229771272091428,0.01703595899256772,0.3050359270419847,1.862645149230957e-09,True,improved_v8
z3,QF_AUFBV_891_sqlite3.smt2.csv,30,5.5443616082372245,0.013459873759801972,5.531403136028716,1.862645149230957e-09,True,improved_v8,10.057513415711497,0.46406793179317934,9.622206393429682,1.862645149230957e-09,True,improved_v8,13.229032148476657,1.4285446046632067,11.841938771368469,1.862645149230957e-09,True,improved_v8
z3,QF_AUFLIA_swap_t1_pp_nf_ai_00010_002.cvc.smt2.csv,30,0.12997118526947365,0.0045066764421459425,0.12549461525924346,1.862645149230957e-09,True,improved_v8,0.952073084383902,0.03854714757190013,0.9137764736220944,1.862645149230957e-09,True,improved_v8,1.1691873994614888,0.057407233841124616,1.1120606743499644,1.862645149230957e-09,True,improved_v8
z3,QF_BV_bench_3176.smt2.csv,30,9.828013079830484,0.010058557804445596,9.816555592970973,1.862645149230957e-09,True,improved_v8,132.63429213050455,1.502704227565614,131.20649976348395,1.862645149230957e-09,True,improved_v8,152.90346083951152,3.5397535487806095,148.73959377426246,1.862645149230957e-09,True,improved_v8
z3,QF_BV_bench_935.smt2.csv,30,16.616503048994115,0.007523459468888279,16.609608581555342,1.862645149230957e-09,True,improved_v8,93.5172483306896,1.036428217821784,92.45789283985603,1.862645149230957e-09,True,improved_v8,97.33493448377678,2.4670041026179703,94.83355529829026,1.862645149230957e-09,True,improved_v8
z3,QF_LIA_tightrhombus.csv,30,0.7388441231598797,0.00750820175525597,0.7320990127724616,1.862645149230957e-09,True,improved_v8,0.5845468440194508,0.010132563256325795,0.5749358900669124,1.862645149230957e-09,True,improved_v8,0.7997809611673161,0.01746473760720329,0.7821575717026816,1.862645149230957e-09,True,improved_v8
z3,QF_LRA_clocksynchro_7clocks.worst_case_skew.induct.smt2.csv,30,0.05346052769016511,0.0012728965058199254,0.05224148753805169,1.862645149230957e-09,True,improved_v8,0.7362356430862105,0.018100974383152516,0.7184477590435239,1.862645149230957e-09,True,improved_v8,0.8735110064044111,0.026165880463875225,0.8482174402786926,1.862645149230957e-09,True,improved_v8
z3,QF_NRA_hong_9.smt2.csv,30,0.0021204002085836544,0.0021410603905490768,8.465989013322663e-08,0.001718590036034584,True,improved_v8,0.009063602000585992,0.009320335587493483,4.953801143433093e-07,0.0008718203753232956,True,improved_v8,0.015737740942535883,0.015982250920338115,-1.1364422073355251e-07,0.308520769700408,False,baseline_lr
z3,QF_RDL_orb08_888.smt2.csv,30,0.02821211603642608,0.004175599183328767,0.02402013927306625,1.862645149230957e-09,True,improved_v8,0.25923213002413464,0.04199858557284307,0.2173883661922868,1.862645149230957e-09,True,improved_v8,0.3299714314515072,0.05626557004016635,0.2745443108746343,1.862645149230957e-09,True,improved_v8
z3,QF_UFLIA_xs_23_43.smt2.csv,30,0.3652978933043067,0.0057079127613043,0.35958229302862627,1.862645149230957e-09,True,improved_v8,8.097300695395262,0.18155858085808582,7.917503085528636,1.862645149230957e-09,True,improved_v8,9.726176165539012,0.37902301031316243,9.349630777473578,1.862645149230957e-09,True,improved_v8
z3,QF_UF_PEQ018_size6.smt2.csv,30,9.49874912247747,0.0054909347192982644,9.49318552069032,1.862645149230957e-09,True,improved_v8,162.67282774908733,0.36814878987898847,162.31078759507193,1.862645149230957e-09,True,improved_v8,203.66809825134843,0.6865994990295927,203.00718851351587,1.862645149230957e-09,True,improved_v8
